,title,study_pi,batch_condition,default_embedding,comments,library_id,sample_id,donor_id,protocol_url,institute,sample_collection_site,sample_collection_relative_time_point,library_id_repository,author_batch_notes,organism_ontology_term_id,manner_of_death,sample_source,sex_ontology_term_id,sample_collection_method,tissue_type,sampled_site_condition,tissue_ontology_term_id,tissue_free_text,sample_preservation_method,suspension_type,cell_enrichment,cell_viability_percentage,cell_number_loaded,sample_collection_year,assay_ontology_term_id,library_preparation_batch,library_sequencing_run,sequenced_fragment,sequencing_platform,is_primary_data,reference_genome,gene_annotation_version,alignment_software,intron_inclusion,author_cell_type,cell_type_ontology_term_id,disease_ontology_term_id,self_reported_ethnicity_ontology_term_id,development_stage_ontology_term_id
AAACCTGAGACCTTTG,An atlas of healthy and injured cell states and niches in the human kidney,Sanjay Jain,,umap,,dKC1,K1800280_6,3477,10.17504/protocols.io.b3gxqjxn,University of California,Kidney Translational Research Center,,PREMIERE27,,NCBITaxon:9606,3,postmortem donor,female,other,primary tissue,healthy,UBERON:0000362,renal medulla,ambient temperature,nucleus,CL:0000066,20,5000,2020,EFO:0009922,batch_1,run_1,3 prime,OBI:0002630,yes,GRCh38,v110,Cellranger v3.0.0,no,parietal epithelial cell,CL:1000452,MONDO:0005300,HANCESTRO:0005,HsapDv:0000158
AAACCTGAGACGACGT,An atlas of healthy and injured cell states and niches in the human kidney,Sanjay Jain,,umap,,dKC2,K1800305_4,3479,10.17504/protocols.io.b3gxqjxn,University of California,Kidney Translational Research Center,,PREMIERE28,,NCBITaxon:9606,not applicable,surgical donor,male,scraping,primary tissue,healthy,UBERON:0001225,cortex of kidney,ambient temperature,nucleus,CL:0000079,30,5000,2021,EFO:0009922,batch_2,run_1,3 prime,OBI:0002630,yes,GRCh38,v110,Cellranger v3.0.0,no,kidney loop of Henle thin ascending limb epithelial cell,CL:1001107,MONDO:0005300,HANCESTRO:0005,HsapDv:0000150
AAACCTGAGACGCAAC,An atlas of healthy and injured cell states and niches in the human kidney,Sanjay Jain,,umap,,dKC3,K1800353_3,3487,10.17504/protocols.io.b3gxqjxn,University of California,Kidney Translational Research Center,,PREMIERE29,,NCBITaxon:9606,4,postmortem donor,male,other,primary tissue,healthy,UBERON:0001225,cortex of kidney,fresh,nucleus,CL:0000020,10,5000,2019,EFO:0009922,batch_2,run_1,3 prime,OBI:0002630,yes,GRCh38,v110,Cellranger v3.0.0,no,B cell,CL:0000236,MONDO:0005300,HANCESTRO:0005,HsapDv:0000164
AAACCTGAGACAGAGA,An atlas of healthy and injured cell states and niches in the human kidney,Sanjay Jain,,umap,,KC40,K1800364_1,3490,10.17504/protocols.io.b3gxqjxn,University of California,Kidney Translational Research Center,,PREMIERE30,,NCBITaxon:9606,3,postmortem donor,female,other,primary tissue,healthy,UBERON:0000362,renal medulla,ambient temperature,nucleus,CL:0000080,15,5000,2020,EFO:0009922,batch_2,run_2,3 prime,OBI:0002630,yes,GRCh38,v110,Cellranger v3.0.0,no,renal interstitial pericyte,CL:1001318,PATO:0000461,HANCESTRO:0005,HsapDv:0000108
AAACCTGAGAATGTTG,An atlas of healthy and injured cell states and niches in the human kidney,Sanjay Jain,,umap,,KM71,K1800430_3_R3,3499,10.17504/protocols.io.b3gxqjxn,University of California,Kidney Translational Research Center,,PREMIERE31,,NCBITaxon:9606,1,postmortem donor,female,other,primary tissue,healthy,UBERON:0000362,renal medulla,ambient temperature,nucleus,CL:0000074,15,5000,2018,EFO:0009922,batch_2,run_2,3 prime,OBI:0002630,yes,GRCh38,v110,Cellranger v3.0.0,no,kidney collecting duct principal cell,CL:1001431,PATO:0000461,HANCESTRO:0005,HsapDv:0000151
AAACCTGAGAATTCCC,An atlas of healthy and injured cell states and niches in the human kidney,Sanjay Jain,,umap,,KM72,K1900019_1_R3,3504,10.17504/protocols.io.b3gxqjxn,University of California,Kidney Translational Research Center,,PREMIERE32,,NCBITaxon:9606,4,postmortem donor,female,other,primary tissue,healthy,UBERON:0000362,renal medulla,frozen at -70C,nucleus,CL:0000071,15,5000,2018,EFO:0009922,batch_2,run_2,3 prime,OBI:0002630,yes,GRCh38,v110,Cellranger v3.0.0,no,kidney collecting duct principal cell,CL:1001431,PATO:0000461,HANCESTRO:0005,HsapDv:0000139
AAACCTGAGAAGGTGA,An atlas of healthy and injured cell states and niches in the human kidney,Sanjay Jain,,umap,,KC33,K1900174_2,3535,10.17504/protocols.io.b3gxqjxn,University of California,Kidney Translational Research Center,day 0,PREMIERE33,,NCBITaxon:9606,2,postmortem donor,male,other,primary tissue,healthy,UBERON:0001225,cortex of kidney,fresh,nucleus,CL:0000096,15,5000,2020,EFO:0009922,batch_2,run_3,3 prime,OBI:0002630,yes,GRCh38,v110,Cellranger v3.0.0,no,kidney interstitial fibroblast,CL:1000692,PATO:0000461,HANCESTRO:0005,HsapDv:0000170
AAACCTGAGAATGTGT,An atlas of healthy and injured cell states and niches in the human kidney,Sanjay Jain,,umap,,KM69,K1900175_1_R1,3535,10.17504/protocols.io.b3gxqjxn,University of California,Kidney Translational Research Center,day 10,PREMIERE34,,NCBITaxon:9606,1,postmortem donor,male,other,primary tissue,healthy,UBERON:0000362,renal medulla,frozen at -70C,nucleus,CL:0000094,15,5000,2018,EFO:0009922,batch_2,run_3,3 prime,OBI:0002630,yes,GRCh38,v110,Cellranger v3.0.0,no,mononuclear phagocyte,CL:0000113,PATO:0000461,HANCESTRO:0005,HsapDv:0000170
AAACCTGAGACAAGCC,An atlas of healthy and injured cell states and niches in the human kidney,Sanjay Jain,,umap,,KC34,K1900174_2,3535,10.17504/protocols.io.b3gxqjxn,University of California,Kidney Translational Research Center,day 12,PREMIERE35,,NCBITaxon:9606,0,organ donor,male,surgical resection,primary tissue,healthy,UBERON:0001225,cortex of kidney,frozen at -80C,nucleus,CL:0000031,20,5000,2020,EFO:0009922,batch_2,run_3,3 prime,OBI:0002630,yes,GRCh38,v110,Cellranger v3.0.0,no,kidney loop of Henle thick ascending limb epithelial cell,CL:1001106,PATO:0000461,HANCESTRO:0005,HsapDv:0000170
AAACCTGAGACACGAC,An atlas of healthy and injured cell states and niches in the human kidney,Sanjay Jain,,umap,,KC35,K1900174_2,3535,10.17504/protocols.io.b3gxqjxn,University of California,Kidney Translational Research Center,day 20,PREMIERE36,,NCBITaxon:9606,not applicable,surgical donor,male,body fluid,primary tissue,healthy,UBERON:0001225,cortex of kidney,ambient temperature,nucleus,CL:0000071,30,5000,2020,EFO:0009922,batch_2,run_4,3 prime,OBI:0002630,yes,GRCh38,v110,Cellranger v3.0.0,no,endothelial cell,CL:0000115,PATO:0000461,HANCESTRO:0005,HsapDv:0000170
AAACCTGAGACACTAA,An atlas of healthy and injured cell states and niches in the human kidney,Sanjay Jain,,umap,,KC36,K1900174_2,3535,10.17504/protocols.io.b3gxqjxn,University of California,Kidney Translational Research Center,day 13,PREMIERE37,,NCBITaxon:9606,0,organ donor,male,surgical resection,primary tissue,healthy,UBERON:0001225,cortex of kidney,frozen at -80C,nucleus,CL:0000053,10,5000,2019,EFO:0009922,batch_2,run_4,3 prime,OBI:0002630,yes,GRCh38,v110,Cellranger v3.0.0,no,kidney interstitial alternatively activated macrophage,CL:1000695,PATO:0000461,HANCESTRO:0005,HsapDv:0000170
AAACCTGAGAATTGTG,An atlas of healthy and injured cell states and niches in the human kidney,Sanjay Jain,,umap,,KM102,K1900387_1_R1,3593,10.17504/protocols.io.b3gxqjxn,University of California,Kidney Translational Research Center,day 1,PREMIERE38,,NCBITaxon:9606,1,postmortem donor,male,other,primary tissue,healthy,UBERON:0000362,renal medulla,fresh,nucleus,CL:0000066,15,5000,2018,EFO:0009922,batch_1,run_4,3 prime,OBI:0002630,yes,GRCh38,v110,Cellranger v3.0.0,no,endothelial cell,CL:0000115,PATO:0000461,HANCESTRO:0005,HsapDv:0000160
AAACCTGAGACAAAGG,An atlas of healthy and injured cell states and niches in the human kidney,Sanjay Jain,,umap,,KM103,K1900387_4_R1,3593,10.17504/protocols.io.b3gxqjxn,University of California,Kidney Translational Research Center,day 5,KPMP_20191204A_10X-R,,NCBITaxon:9606,3,postmortem donor,male,other,primary tissue,healthy,UBERON:0001228,renal papilla,other,nucleus,CL:0000098,20,5000,2018,EFO:0009922,batch_1,run_5,3 prime,OBI:0002630,yes,GRCh38,v110,Cellranger v3.0.0,no,lymphocyte,CL:0000542,PATO:0000461,HANCESTRO:0005,HsapDv:0000160
AAACCTGAGACAATAC,An atlas of healthy and injured cell states and niches in the human kidney,Sanjay Jain,,umap,,PA3,K2000094_2_R1,3613,10.17504/protocols.io.b3gxqjxn,University of California,Kidney Translational Research Center,,KPMP_20191204B_10X-R,,NCBITaxon:9606,not applicable,surgical donor,female,other,primary tissue,healthy,UBERON:0001228,renal papilla,other,nucleus,CL:0000059,20,5000,2018,EFO:0009922,batch_1,run_5,3 prime,OBI:0002630,yes,GRCh38,v110,Cellranger v3.0.0,no,kidney connecting tubule epithelial cell,CL:1000768,PATO:0000461,HANCESTRO:0005,HsapDv:0000153
AAACCTGAGAATAGGG,An atlas of healthy and injured cell states and niches in the human kidney,Sanjay Jain,,umap,,KC78,18-142-3-M2,18-142,10.17504/protocols.io.b3gxqjxn,University of California,Kidney Translational Research Center,,KPMP_20191219A_10X-R,,NCBITaxon:9606,2,postmortem donor,female,other,primary tissue,healthy,UBERON:0001225,cortex of kidney,other,nucleus,CL:0000089,20,5000,2018,EFO:0009922,batch_1,run_5,3 prime,OBI:0002630,yes,GRCh38,v110,Cellranger v3.0.0,no,kidney loop of Henle thin descending limb epithelial cell,CL:1001111,PATO:0000461,unknown,HsapDv:0000241
AAACCTGAGAAGGTTT,An atlas of healthy and injured cell states and niches in the human kidney,Sanjay Jain,,umap,,KC77,18-162-2-M2,18-162,10.17504/protocols.io.b3gxqjxn,University of California,Kidney Translational Research Center,,KPMP_20191219B_10X-R,,NCBITaxon:9606,2,postmortem donor,female,other,primary tissue,healthy,UBERON:0001225,cortex of kidney,fresh,nucleus,CL:0000070,20,5000,2020,EFO:0009922,batch_1,run_6,3 prime,OBI:0002630,yes,GRCh38,v110,Cellranger v3.0.0,no,endothelial cell,CL:0000115,PATO:0000461,unknown,HsapDv:0000241
AAACCTGAGAATCTCC,An atlas of healthy and injured cell states and niches in the human kidney,Sanjay Jain,,umap,,KC79,18-312-2-M2,18-312,10.17504/protocols.io.b3gxqjxn,University of California,Kidney Translational Research Center,,KPMP_20191219C_10X-R,,NCBITaxon:9606,3,postmortem donor,male,other,primary tissue,healthy,UBERON:0001225,cortex of kidney,fresh,nucleus,CL:0000048,20,5000,2018,EFO:0009922,batch_1,run_6,3 prime,OBI:0002630,yes,GRCh38,v110,Cellranger v3.0.0,no,kidney distal convoluted tubule epithelial cell,CL:1000849,PATO:0000461,unknown,HsapDv:0000242
AAACCTGAGAGATGAG,An atlas of healthy and injured cell states and niches in the human kidney,Sanjay Jain,,umap,,1117-EO-2,S-1908-000757,27-10039,10.17504/protocols.io.b3gxqjxn,University of California,Kidney Translational Research Center,,KPMP_20191219D_10X-R,,NCBITaxon:9606,not applicable,surgical donor,female,other,primary tissue,healthy,UBERON:0002113,kidney,fresh,nucleus,CL:0000017,20,5000,2018,EFO:0009922,batch_1,run_6,3 prime,OBI:0002630,no,GRCh38,v110,Cellranger v3.0.0,no,kidney collecting duct intercalated cell,CL:1001432,MONDO:0005300,HANCESTRO:0005,HsapDv:0000241
AAACCTGAGAGCAATT,An atlas of healthy and injured cell states and niches in the human kidney,Sanjay Jain,,umap,,593-EO-2,S-1905-018690,28-10051,10.17504/protocols.io.b3gxqjxn,University of California,Kidney Translational Research Center,,KPMP_20200115A_10X-R,,NCBITaxon:9606,not applicable,surgical donor,male,scraping,primary tissue,healthy,UBERON:0002113,kidney,ambient temperature,nucleus,CL:0000049,15,5000,2019,EFO:0009922,batch_1,run_7,3 prime,OBI:0002630,no,GRCh38,v110,Cellranger v3.0.0,no,papillary tips cell,CL:1000597,MONDO:0005300,HANCESTRO:0005,HsapDv:0000241
AAACCTGAGAACTCGG,An atlas of healthy and injured cell states and niches in the human kidney,Sanjay Jain,,umap,,KB2,S-1905-017562-R1,29-10006,10.17504/protocols.io.b3gxqjxn,University of California,Kidney Translational Research Center,day 0,KPMP_20200115B_10X-R,,NCBITaxon:9606,3,postmortem donor,female,other,primary tissue,healthy,UBERON:0001225,cortex of kidney,ambient temperature,nucleus,CL:0000094,15,5000,2020,EFO:0009922,batch_1,run_7,3 prime,OBI:0002630,yes,GRCh38,v110,Cellranger v3.0.0,no,kidney loop of Henle thick ascending limb epithelial cell,CL:1001106,MONDO:0005300,HANCESTRO:0568,HsapDv:0000241
AAACCTGAGAGCCCAA,An atlas of healthy and injured cell states and niches in the human kidney,Sanjay Jain,,umap,,573-EO-1,S-1905-017555,29-10006,10.17504/protocols.io.b3gxqjxn,University of California,Kidney Translational Research Center,day 9,KPMP_20200212A_10X-R,,NCBITaxon:9606,2,postmortem donor,female,other,primary tissue,healthy,UBERON:0002113,kidney,fresh,nucleus,CL:0000026,20,5000,2018,EFO:0009922,batch_1,run_7,3 prime,OBI:0002630,no,GRCh38,v110,Cellranger v3.0.0,no,kidney interstitial fibroblast,CL:1000692,MONDO:0005300,HANCESTRO:0568,HsapDv:0000241
AAACCTGAGAGCCTAG,An atlas of healthy and injured cell states and niches in the human kidney,Sanjay Jain,,umap,,622-EO-1,S-1905-017555,29-10006,10.17504/protocols.io.b3gxqjxn,University of California,Kidney Translational Research Center,day 14,KPMP_20200212B_10X-R,,NCBITaxon:9606,not applicable,surgical donor,female,brush,primary tissue,healthy,UBERON:0002113,kidney,ambient temperature,nucleus,CL:0000021,30,5000,2018,EFO:0009922,batch_1,run_8,3 prime,OBI:0002630,no,GRCh38,v110,Cellranger v3.0.0,no,endothelial cell,CL:0000115,MONDO:0005300,HANCESTRO:0568,HsapDv:0000241
AAACCTGAGAGCTATA,An atlas of healthy and injured cell states and niches in the human kidney,Sanjay Jain,,umap,,763-EO-3,S-1905-017555,29-10006,10.17504/protocols.io.b3gxqjxn,University of California,Kidney Translational Research Center,day 6,KPMP_20200212C_10X-R,,NCBITaxon:9606,not applicable,surgical donor,female,brush,primary tissue,healthy,UBERON:0002113,kidney,ambient temperature,nucleus,CL:0000036,10,5000,2019,EFO:0009922,batch_1,run_8,3 prime,OBI:0002630,no,GRCh38,v110,Cellranger v3.0.0,no,renal interstitial pericyte,CL:1001318,MONDO:0005300,HANCESTRO:0568,HsapDv:0000241
AAACCTGAGAAGCCCA,An atlas of healthy and injured cell states and niches in the human kidney,Sanjay Jain,,umap,,KB6,S-1910-000055_R1,29-10008,10.17504/protocols.io.b3gxqjxn,University of California,Kidney Translational Research Center,day 0,KPMP_20200212D_10X-R,,NCBITaxon:9606,2,postmortem donor,female,other,primary tissue,healthy,UBERON:0001225,cortex of kidney,frozen at -70C,nucleus,CL:0000084,15,5000,2020,EFO:0009922,batch_1,run_8,3 prime,OBI:0002630,yes,GRCh38,v110,Cellranger v3.0.0,no,kidney loop of Henle thick ascending limb epithelial cell,CL:1001106,MONDO:0005300,HANCESTRO:0005,HsapDv:0000241
AAACCTGAGAGGTTGC,An atlas of healthy and injured cell states and niches in the human kidney,Sanjay Jain,,umap,,1117-EO-1,S-1910-000048,29-10008,10.17504/protocols.io.b3gxqjxn,University of California,Kidney Translational Research Center,day 1,KPMP_20200212E_10X-R,,NCBITaxon:9606,1,postmortem donor,female,other,primary tissue,healthy,UBERON:0002113,kidney,fresh,nucleus,CL:0000027,15,5000,2019,EFO:0009922,batch_1,run_9,3 prime,OBI:0002630,no,GRCh38,v110,Cellranger v3.0.0,no,renal interstitial pericyte,CL:1001318,MONDO:0005300,HANCESTRO:0005,HsapDv:0000241
AAACCTGAGAACAACT,An atlas of healthy and injured cell states and niches in the human kidney,Sanjay Jain,,umap,,KB15,S-2001-000102_R1,29-10010,10.17504/protocols.io.b3gxqjxn,University of California,Kidney Translational Research Center,day 0,KPMP_20200212F_10X-R,,NCBITaxon:9606,not applicable,surgical donor,male,scraping,primary tissue,healthy,UBERON:0001225,cortex of kidney,frozen at -70C,nucleus,CL:0000066,20,5000,2021,EFO:0009922,batch_1,run_9,3 prime,OBI:0002630,yes,GRCh38,v110,Cellranger v3.0.0,no,endothelial cell,CL:0000115,MONDO:0005300,HANCESTRO:0008,HsapDv:0000242
AAACCTGAGAGCTGCA,An atlas of healthy and injured cell states and niches in the human kidney,Sanjay Jain,,umap,,2318-EO-3,S-2001-000095,29-10010,10.17504/protocols.io.b3gxqjxn,University of California,Kidney Translational Research Center,day 2,KPMP_20200212G_10X-R,,NCBITaxon:9606,not applicable,surgical donor,male,body fluid,primary tissue,healthy,UBERON:0002113,kidney,frozen at -80C,nucleus,CL:0000096,30,5000,2019,EFO:0009922,batch_1,run_9,3 prime,OBI:0002630,no,GRCh38,v110,Cellranger v3.0.0,no,podocyte,CL:0000653,MONDO:0005300,HANCESTRO:0008,HsapDv:0000242
AAACCTGAGAGCTGGT,An atlas of healthy and injured cell states and niches in the human kidney,Sanjay Jain,,umap,,1121-EO-3,S-1910-000095,29-10011,10.17504/protocols.io.b3gxqjxn,University of California,Kidney Translational Research Center,,KPMP_20200212H_10X-R,,NCBITaxon:9606,3,postmortem donor,female,other,primary tissue,healthy,UBERON:0002113,kidney,ambient temperature,nucleus,CL:0000048,30,5000,2019,EFO:0009922,batch_2,run_10,3 prime,OBI:0002630,no,GRCh38,v110,Cellranger v3.0.0,no,kidney loop of Henle thin descending limb epithelial cell,CL:1001111,MONDO:0005300,HANCESTRO:0005,HsapDv:0000238
AAACCTGAGAAGGACA,An atlas of healthy and injured cell states and niches in the human kidney,Sanjay Jain,,umap,,KB7,S-1909-007161_R1,29-10012,10.17504/protocols.io.b3gxqjxn,University of California,Kidney Translational Research Center,day 0,KPMP_20190829C_10X-R,,NCBITaxon:9606,2,postmortem donor,female,other,primary tissue,healthy,UBERON:0001225,cortex of kidney,frozen at -80C,nucleus,CL:0000059,30,5000,2022,EFO:0009922,batch_2,run_10,3 prime,OBI:0002630,yes,GRCh38,v110,Cellranger v3.0.0,no,kidney connecting tubule epithelial cell,CL:1000768,MONDO:0005300,HANCESTRO:0568,HsapDv:0000240
AAACCTGAGAGCTTCT,An atlas of healthy and injured cell states and niches in the human kidney,Sanjay Jain,,umap,,573-EO-2,S-1909-007154,29-10012,10.17504/protocols.io.b3gxqjxn,University of California,Kidney Translational Research Center,day 1,KPMP_20190829D_10X-R,,NCBITaxon:9606,1,postmortem donor,female,other,primary tissue,healthy,UBERON:0002113,kidney,fresh,nucleus,CL:0000098,30,5000,2019,EFO:0009922,batch_2,run_10,3 prime,OBI:0002630,no,GRCh38,v110,Cellranger v3.0.0,no,mast cell,CL:0000097,MONDO:0005300,HANCESTRO:0568,HsapDv:0000240
AAACCTGAGAAAGTGG,An atlas of healthy and injured cell states and niches in the human kidney,Sanjay Jain,,umap,,KB14,S-2001-000055_R1,29-10013,10.17504/protocols.io.b3gxqjxn,University of California,Kidney Translational Research Center,day 0,KPMP_20190829E_10X-R,,NCBITaxon:9606,2,postmortem donor,female,other,primary tissue,healthy,UBERON:0000362,renal medulla,other,nucleus,CL:0000091,30,5000,2019,EFO:0009922,batch_2,run_11,3 prime,OBI:0002630,yes,GRCh38,v110,Cellranger v3.0.0,no,kidney collecting duct principal cell,CL:1001431,MONDO:0005300,HANCESTRO:0568,HsapDv:0000241
AAACCTGAGAGGACGG,An atlas of healthy and injured cell states and niches in the human kidney,Sanjay Jain,,umap,,2318-EO-1,S-2001-000048,29-10013,10.17504/protocols.io.b3gxqjxn,University of California,Kidney Translational Research Center,day 2,BUKMAP_20190529L_10X-R,,NCBITaxon:9606,not applicable,surgical donor,female,biopsy,primary tissue,diseased,UBERON:0002113,kidney,other,nucleus,CL:0000063,30,5000,2020,EFO:0009922,batch_2,run_11,3 prime,OBI:0002630,no,GRCh38,v110,Cellranger v3.0.0,no,endothelial cell,CL:0000115,MONDO:0005300,HANCESTRO:0568,HsapDv:0000241
AAACCTGAGAGGGATA,An atlas of healthy and injured cell states and niches in the human kidney,Sanjay Jain,,umap,,1120-EO-2,S-2001-000142,29-10016,10.17504/protocols.io.b3gxqjxn,University of California,Kidney Translational Research Center,,BUKMAP_20190607L_10X-R,,NCBITaxon:9606,not applicable,surgical donor,female,body fluid,primary tissue,diseased,UBERON:0002113,kidney,other,nucleus,CL:0000041,30,5000,2022,EFO:0009922,batch_2,run_11,3 prime,OBI:0002630,no,GRCh38,v110,Cellranger v3.0.0,no,endothelial cell,CL:0000115,MONDO:0005300,HANCESTRO:0005,HsapDv:0000238
AAACCTGAGACTAGAT,An atlas of healthy and injured cell states and niches in the human kidney,Sanjay Jain,,umap,,1121-EO-2,S-1908-009740,30-10018,10.17504/protocols.io.b3gxqjxn,University of California,Kidney Translational Research Center,,BUKMAP_20190822F_10X-R,,NCBITaxon:9606,1,postmortem donor,male,other,primary tissue,diseased,UBERON:0002113,kidney,fresh,nucleus,CL:0000021,15,5000,2020,EFO:0009922,batch_2,run_12,3 prime,OBI:0002630,no,GRCh38,v110,Cellranger v3.0.0,no,endothelial cell,CL:0000115,MONDO:0002492,HANCESTRO:0568,HsapDv:0000238
AAACCTGAGAACTGTA,An atlas of healthy and injured cell states and niches in the human kidney,Sanjay Jain,,umap,,KB3,S-1908-009653_R1,30-10034,10.17504/protocols.io.b3gxqjxn,University of California,Kidney Translational Research Center,day 0,BUKMAP_20190829B_10X-R,,NCBITaxon:9606,not applicable,surgical donor,female,brush,primary tissue,diseased,UBERON:0001225,cortex of kidney,fresh,nucleus,CL:0000035,15,5000,2019,EFO:0009922,batch_2,run_12,3 prime,OBI:0002630,yes,GRCh38,v110,Cellranger v3.0.0,no,kidney distal convoluted tubule epithelial cell,CL:1000849,MONDO:0002492,HANCESTRO:0568,HsapDv:0000242
AAACCTGAGACTAGGC,An atlas of healthy and injured cell states and niches in the human kidney,Sanjay Jain,,umap,,1121-EO-1,S-1908-009646,30-10034,10.17504/protocols.io.b3gxqjxn,University of California,Kidney Translational Research Center,day 1,BUKMAP_20191010-10X-R,,NCBITaxon:9606,not applicable,surgical donor,female,biopsy,primary tissue,diseased,UBERON:0002113,kidney,fresh,nucleus,CL:0000087,20,5000,2021,EFO:0009922,batch_2,run_12,3 prime,OBI:0002630,no,GRCh38,v110,Cellranger v3.0.0,no,kidney loop of Henle thin descending limb epithelial cell,CL:1001111,MONDO:0002492,HANCESTRO:0568,HsapDv:0000242
AAACCTGAGACTCGGA,An atlas of healthy and injured cell states and niches in the human kidney,Sanjay Jain,,umap,,141361,S-1908-009787,30-10123,10.17504/protocols.io.b3gxqjxn,University of California,Kidney Translational Research Center,,BUKMAP_20191104A-10X-R,,NCBITaxon:9606,1,postmortem donor,male,other,primary tissue,diseased,UBERON:0002113,kidney,ambient temperature,nucleus,CL:0000092,30,5000,2022,EFO:0009922,batch_2,run_13,3 prime,OBI:0002630,no,GRCh38,v110,Cellranger v3.0.0,no,kidney interstitial fibroblast,CL:1000692,MONDO:0002492,HANCESTRO:0568,HsapDv:0000239
AAACCTGAGACTGGGT,An atlas of healthy and injured cell states and niches in the human kidney,Sanjay Jain,,umap,,345-EO-3,S-2002-007748,30-10125,10.17504/protocols.io.b3gxqjxn,University of California,Kidney Translational Research Center,,BUKMAP_20191009-10X-R,,NCBITaxon:9606,not applicable,surgical donor,male,blood draw,primary tissue,diseased,UBERON:0002113,kidney,ambient temperature,nucleus,CL:0000034,10,5000,2020,EFO:0009922,batch_3,run_13,3 prime,OBI:0002630,no,GRCh38,v110,Cellranger v3.0.0,no,renal interstitial pericyte,CL:1001318,MONDO:0002492,HANCESTRO:0568,HsapDv:0000240
AAACCTGAGAAACCGC,An atlas of healthy and injured cell states and niches in the human kidney,Sanjay Jain,,umap,,KB10,S-1908-000905_R1,31-10000,10.17504/protocols.io.b3gxqjxn,University of California,Kidney Translational Research Center,day 0,BUKMAP_20200205A_10X-R,,NCBITaxon:9606,not applicable,surgical donor,male,other,primary tissue,diseased,UBERON:0000362,renal medulla,fresh,nucleus,CL:0000090,10,5000,2018,EFO:0009922,batch_3,run_13,3 prime,OBI:0002630,yes,GRCh38,v110,Cellranger v3.0.0,no,epithelial cell of proximal tubule,CL:0002306,MONDO:0005300,HANCESTRO:0005,HsapDv:0000240
AAACCTGAGAGTAAGG,An atlas of healthy and injured cell states and niches in the human kidney,Sanjay Jain,,umap,,269-EO-1,S-1908-000898,31-10000,10.17504/protocols.io.b3gxqjxn,University of California,Kidney Translational Research Center,day 1,BUKMAP_20200205D_10X-R,,NCBITaxon:9606,0,organ donor,male,surgical resection,primary tissue,healthy,UBERON:0002113,kidney,ambient temperature,nucleus,CL:0000035,10,5000,2019,EFO:0009922,batch_3,run_14,3 prime,OBI:0002630,no,GRCh38,v110,Cellranger v3.0.0,no,neural cell,CL:0002319,MONDO:0005300,HANCESTRO:0005,HsapDv:0000240
AAACCTGAGAAACCAT,An atlas of healthy and injured cell states and niches in the human kidney,Sanjay Jain,,umap,,KB1,S-1908-000952-R1,31-10001,10.17504/protocols.io.be5gjg3w,University of California,Kidney Translational Research Center,day 5,BUKMAP_20200205F_10X-R,,NCBITaxon:9606,4,postmortem donor,male,other,primary tissue,diseased,UBERON:0000362,renal medulla,ambient temperature,nucleus,CL:0000017,10,5000,2022,EFO:0009922,batch_3,run_14,3 prime,OBI:0002630,yes,GRCh38,v110,Cellranger v3.0.0,no,epithelial cell of proximal tubule,CL:0002306,MONDO:0005300,HANCESTRO:0005,HsapDv:0000242
AAACCTGAGAGGGCTT,An atlas of healthy and injured cell states and niches in the human kidney,Sanjay Jain,,umap,,593-EO-1,S-1908-000945,31-10001,10.17504/protocols.io.b3gxqjxn,University of California,Kidney Translational Research Center,day 2,BUKMAP_20200304A_10X-R,,NCBITaxon:9606,not applicable,surgical donor,male,other,primary tissue,diseased,UBERON:0002113,kidney,frozen at -70C,nucleus,CL:0000083,10,5000,2022,EFO:0009922,batch_3,run_14,3 prime,OBI:0002630,no,GRCh38,v110,Cellranger v3.0.0,no,conventional dendritic cell,CL:0000990,MONDO:0005300,HANCESTRO:0005,HsapDv:0000242
AAACCTGAGAAGAAGC,An atlas of healthy and injured cell states and niches in the human kidney,Sanjay Jain,,umap,,KB4,S-1908-000858_R1,31-10006,10.17504/protocols.io.b3gxqjxn,University of California,Kidney Translational Research Center,,BUKMAP_20200304B_10X-R,,NCBITaxon:9606,4,postmortem donor,male,other,primary tissue,diseased,UBERON:0000362,renal medulla,fresh,nucleus,CL:0000020,10,5000,2021,EFO:0009922,batch_3,run_15,3 prime,OBI:0002630,yes,GRCh38,v110,Cellranger v3.0.0,no,kidney collecting duct intercalated cell,CL:1001432,MONDO:0005300,HANCESTRO:0005,HsapDv:0000241
AAACCTGAGAAGGCCT,An atlas of healthy and injured cell states and niches in the human kidney,Sanjay Jain,,umap,,KB8,S-1910-000149_R1,31-10013,10.17504/protocols.io.b3gxqjxn,University of California,Kidney Translational Research Center,day 0,BUKMAP_20200304F_10X-R,,NCBITaxon:9606,4,postmortem donor,male,other,primary tissue,diseased,UBERON:0000362,renal medulla,frozen at -70C,nucleus,CL:0000045,10,5000,2019,EFO:0009922,batch_3,run_15,3 prime,OBI:0002630,yes,GRCh38,v110,Cellranger v3.0.0,no,epithelial cell of proximal tubule,CL:0002306,MONDO:0005300,HANCESTRO:0005,HsapDv:0000241
AAACCTGAGAGTAATC,An atlas of healthy and injured cell states and niches in the human kidney,Sanjay Jain,,umap,,269-EO-2,S-1910-000142,31-10013,10.17504/protocols.io.b3gxqjxn,University of California,Kidney Translational Research Center,day 1,KPMP_20190607I-10X-R,,NCBITaxon:9606,3,postmortem donor,male,other,primary tissue,diseased,UBERON:0002113,kidney,frozen at -80C,nucleus,CL:0000029,10,5000,2019,EFO:0009922,batch_3,run_15,3 prime,OBI:0002630,no,GRCh38,v110,Cellranger v3.0.0,no,"plasmacytoid dendritic cell, human",CL:0001058,MONDO:0005300,HANCESTRO:0005,HsapDv:0000241
AAACCTGAGAACAATC,An atlas of healthy and injured cell states and niches in the human kidney,Sanjay Jain,,umap,,KB16,S-1910-000196_R1,31-10035,10.17504/protocols.io.b3gxqjxn,University of California,Kidney Translational Research Center,day 5,KPMP_20190607J-10X-R,,NCBITaxon:9606,not applicable,surgical donor,female,other,primary tissue,adjacent,UBERON:0001225,cortex of kidney,ambient temperature,nucleus,CL:0000073,10,5000,2021,EFO:0009922,batch_3,run_16,3 prime,OBI:0002630,yes,GRCh38,v110,Cellranger v3.0.0,no,kidney loop of Henle thick ascending limb epithelial cell,CL:1001106,MONDO:0005300,HANCESTRO:0005,HsapDv:0000242
AAACCTGAGAGGTACC,An atlas of healthy and injured cell states and niches in the human kidney,Sanjay Jain,,umap,,763-EO-4,S-1910-000189,31-10035,10.17504/protocols.io.b3gxqjxn,University of California,Kidney Translational Research Center,day 2,KPMP_20190607K-10X-R,,NCBITaxon:9606,not applicable,surgical donor,female,scraping,primary tissue,adjacent,UBERON:0002113,kidney,frozen at -80C,nucleus,CL:0000039,10,5000,2021,EFO:0009922,batch_3,run_16,3 prime,OBI:0002630,no,GRCh38,v110,Cellranger v3.0.0,no,mononuclear phagocyte,CL:0000113,MONDO:0005300,HANCESTRO:0005,HsapDv:0000242
AAACCTGAGAGGTAGA,An atlas of healthy and injured cell states and niches in the human kidney,Sanjay Jain,,umap,,613-EO-2,S-2001-005409,31-10040,10.17504/protocols.io.b3gxqjxn,University of California,Kidney Translational Research Center,,KPMP_20200513A_10X-R,,NCBITaxon:9606,1,postmortem donor,female,other,primary tissue,adjacent,UBERON:0002113,kidney,fresh,nucleus,CL:0000012,10,5000,2020,EFO:0009922,batch_3,run_16,3 prime,OBI:0002630,no,GRCh38,v110,Cellranger v3.0.0,no,lymphocyte,CL:0000542,MONDO:0005300,HANCESTRO:0005,HsapDv:0000242
AAACCTGAGAGGTTAT,An atlas of healthy and injured cell states and niches in the human kidney,Sanjay Jain,,umap,,1119-EO-1,S-2001-019418,31-10042,10.17504/protocols.io.b3gxqjxn,University of California,Kidney Translational Research Center,,KPMP_20200513B_10X-R,,NCBITaxon:9606,3,postmortem donor,female,other,primary tissue,adjacent,UBERON:0002113,kidney,other,nucleus,CL:0000095,20,5000,2022,EFO:0009922,batch_3,run_17,3 prime,OBI:0002630,no,GRCh38,v110,Cellranger v3.0.0,no,endothelial cell,CL:0000115,MONDO:0005300,HANCESTRO:0005,HsapDv:0000241
AAACCTGAGAAGATTC,An atlas of healthy and injured cell states and niches in the human kidney,Sanjay Jain,,umap,,KB5,S-1908-010077_R1,32-10003,10.17504/protocols.io.b3gxqjxn,University of California,Kidney Translational Research Center,day 0,KPMP_20200702A_10X-R,,NCBITaxon:9606,0,organ donor,male,surgical resection,primary tissue,healthy,UBERON:0001225,cortex of kidney,other,nucleus,CL:0000057,30,5000,2019,EFO:0009922,batch_3,run_17,3 prime,OBI:0002630,yes,GRCh38,v110,Cellranger v3.0.0,no,T cell,CL:0000084,MONDO:0002492,unknown,HsapDv:0000238
AAACCTGAGACTGTAA,An atlas of healthy and injured cell states and niches in the human kidney,Sanjay Jain,,umap,,763-EO-2,S-1908-010071,32-10003,10.17504/protocols.io.b3gxqjxn,University of California,Kidney Translational Research Center,day 1,KPMP_20200702B_10X-R,,NCBITaxon:9606,2,postmortem donor,male,other,primary tissue,adjacent,UBERON:0002113,kidney,other,nucleus,CL:0000015,15,5000,2022,EFO:0009922,batch_3,run_17,3 prime,OBI:0002630,no,GRCh38,v110,Cellranger v3.0.0,no,kidney collecting duct intercalated cell,CL:1001432,MONDO:0002492,unknown,HsapDv:0000238
AAACCTGAGAAACGAG,An atlas of healthy and injured cell states and niches in the human kidney,Sanjay Jain,,umap,,KB12,S-1908-010125_R1,32-10034,10.17504/protocols.io.b3gxqjxn,University of California,Kidney Translational Research Center,day 5,BUKMAP_20200702C_10X-R,,NCBITaxon:9606,2,postmortem donor,male,other,primary tissue,adjacent,UBERON:0001225,cortex of kidney,fresh,nucleus,CL:0000022,15,5000,2021,EFO:0009922,batch_3,run_18,3 prime,OBI:0002630,yes,GRCh38,v110,Cellranger v3.0.0,no,epithelial cell of proximal tubule,CL:0002306,MONDO:0002492,HANCESTRO:0005,HsapDv:0000241
AAACCTGAGACTTGAA,An atlas of healthy and injured cell states and niches in the human kidney,Sanjay Jain,,umap,,613-EO-1,S-1908-010118,32-10034,10.17504/protocols.io.b3gxqjxn,University of California,Kidney Translational Research Center,day 2,BUKMAP_20200702D_10X-R,,NCBITaxon:9606,not applicable,surgical donor,male,scraping,primary tissue,adjacent,UBERON:0002113,kidney,fresh,nucleus,CL:0000068,20,5000,2020,EFO:0009922,batch_3,run_18,3 prime,OBI:0002630,no,GRCh38,v110,Cellranger v3.0.0,no,plasma cell,CL:0000786,MONDO:0002492,HANCESTRO:0005,HsapDv:0000241
AAACCTGAGACTTTCG,An atlas of healthy and injured cell states and niches in the human kidney,Sanjay Jain,,umap,,2318-EO-2,S-1908-010024,32-10074,10.17504/protocols.io.b3gxqjxn,University of California,Kidney Translational Research Center,,BUKMAP_20200707A_10X-R,,NCBITaxon:9606,1,postmortem donor,male,other,primary tissue,adjacent,UBERON:0002113,kidney,fresh,nucleus,CL:0000012,20,5000,2021,EFO:0009922,batch_2,run_18,3 prime,OBI:0002630,no,GRCh38,v110,Cellranger v3.0.0,no,renal interstitial pericyte,CL:1001318,MONDO:0002492,HANCESTRO:0005,HsapDv:0000242
AAACCTGAGAAGGGTA,An atlas of healthy and injured cell states and niches in the human kidney,Sanjay Jain,,umap,,KB9,S-1908-010172_R1,32-2,10.17504/protocols.io.b3gxqjxn,University of California,Kidney Translational Research Center,,BUKMAP_20200707B_10X-R,,NCBITaxon:9606,not applicable,surgical donor,male,body fluid,primary tissue,adjacent,UBERON:0001225,cortex of kidney,frozen at -70C,nucleus,CL:0000027,20,5000,2020,EFO:0009922,batch_2,run_19,3 prime,OBI:0002630,yes,GRCh38,v110,Cellranger v3.0.0,no,kidney interstitial fibroblast,CL:1000692,MONDO:0002492,HANCESTRO:0005,HsapDv:0000241
AAACCTGAGAAACCTA,An atlas of healthy and injured cell states and niches in the human kidney,Sanjay Jain,,umap,,KB11,S-1908-009843_R1,33-10005,10.17504/protocols.io.b3gxqjxn,University of California,Kidney Translational Research Center,day 0,BUKMAP_20200707C_10X-R,,NCBITaxon:9606,not applicable,surgical donor,male,body fluid,primary tissue,adjacent,UBERON:0000362,renal medulla,frozen at -70C,nucleus,CL:0000016,20,5000,2018,EFO:0009922,batch_2,run_19,3 prime,OBI:0002630,yes,GRCh38,v110,Cellranger v3.0.0,no,kidney loop of Henle thick ascending limb epithelial cell,CL:1001106,MONDO:0002492,HANCESTRO:0005,HsapDv:0000241
AAACCTGAGAGAACAG,An atlas of healthy and injured cell states and niches in the human kidney,Sanjay Jain,,umap,,763-EO-1,S-1908-009836,33-10005,10.17504/protocols.io.b3gxqjxn,University of California,Kidney Translational Research Center,day 1,"KPMP, 20190829C, 10X-R",,NCBITaxon:9606,4,postmortem donor,male,other,primary tissue,adjacent,UBERON:0002113,kidney,frozen at -70C,nucleus,CL:0000023,20,5000,2022,EFO:0009922,batch_2,run_19,3 prime,OBI:0002630,no,GRCh38,v110,Cellranger v3.0.0,no,kidney loop of Henle thin ascending limb epithelial cell,CL:1001107,MONDO:0002492,HANCESTRO:0005,HsapDv:0000241
AAACCTGAGAAACGCC,An atlas of healthy and injured cell states and niches in the human kidney,Sanjay Jain,,umap,,KB13,S-1908-009890_R1,33-10006,10.17504/protocols.io.b3gxqjxn,University of California,Kidney Translational Research Center,day 5,"KPMP, 20190829D, 10X-R",,NCBITaxon:9606,4,postmortem donor,male,other,primary tissue,healthy,UBERON:0001225,cortex of kidney,frozen at -70C,nucleus,CL:0000014,20,5000,2018,EFO:0009922,batch_2,run_20,3 prime,OBI:0002630,yes,GRCh38,v110,Cellranger v3.0.0,no,kidney loop of Henle thick ascending limb epithelial cell,CL:1001106,MONDO:0002492,HANCESTRO:0005,HsapDv:0000237
AAACCTGAGAGACGAA,An atlas of healthy and injured cell states and niches in the human kidney,Sanjay Jain,,umap,,1120-EO-3,S-1908-009883,33-10006,10.17504/protocols.io.b3gxqjxn,University of California,Kidney Translational Research Center,day 2,"KPMP, 20190829E, 10X-R",,NCBITaxon:9606,1,postmortem donor,male,other,primary tissue,healthy,UBERON:0002113,kidney,ambient temperature,nucleus,CL:0000019,20,5000,2018,EFO:0009922,batch_1,run_20,3 prime,OBI:0002630,no,GRCh38,v110,Cellranger v3.0.0,no,neutrophil,CL:0000775,MONDO:0002492,HANCESTRO:0005,HsapDv:0000237
AAACCTGAGAGACTAT,An atlas of healthy and injured cell states and niches in the human kidney,Sanjay Jain,,umap,,1119-EO-2,S-1904-008134,34-10050,10.17504/protocols.io.b3gxqjxn,University of California,Kidney Translational Research Center,,"BUKMAP, 20190822F, 10X-R",,NCBITaxon:9606,3,postmortem donor,female,other,primary tissue,healthy,UBERON:0002113,kidney,ambient temperature,nucleus,CL:0000058,20,5000,2022,EFO:0009922,batch_1,run_20,3 prime,OBI:0002630,no,GRCh38,v110,Cellranger v3.0.0,no,kidney distal convoluted tubule epithelial cell,CL:1000849,MONDO:0002492,HANCESTRO:0005,HsapDv:0000241
AAACCTGAGAGACTTA,An atlas of healthy and injured cell states and niches in the human kidney,Sanjay Jain,,umap,,622-EO-2,S-1904-007298,34-10184,10.17504/protocols.io.b3gxqjxn,University of California,Kidney Translational Research Center,,"BUKMAP, 20190829B, 10X-R",,NCBITaxon:9606,1,postmortem donor,female,other,primary tissue,healthy,UBERON:0002113,kidney,fresh,nucleus,CL:0000026,20,5000,2019,EFO:0009922,batch_1,run_21,3 prime,OBI:0002630,no,GRCh38,v110,Cellranger v3.0.0,no,epithelial cell of proximal tubule,CL:0002306,MONDO:0002492,HANCESTRO:0005,HsapDv:0000240
AAACCTGAGAGAGCTC,An atlas of healthy and injured cell states and niches in the human kidney,Sanjay Jain,,umap,,1120-EO-1,S-1903-005471,34-10187,10.17504/protocols.io.b3gxqjxn,University of California,Kidney Translational Research Center,,Puck_210113_21,,NCBITaxon:9606,not applicable,surgical donor,male,other,primary tissue,healthy,UBERON:0002113,kidney,ambient temperature,nucleus,CL:0000020,20,5000,2022,EFO:0009922,batch_1,run_21,3 prime,OBI:0002630,no,GRCh38,v110,Cellranger v3.0.0,no,kidney interstitial fibroblast,CL:1000692,MONDO:0002492,HANCESTRO:0568,HsapDv:0000237
AAACCTGAGACGCTTT,An atlas of healthy and injured cell states and niches in the human kidney,Sanjay Jain,,umap,,KBCVD2,10550-1N,COV-02-0002,10.17504/protocols.io.b3gxqjxn,University of California,Kidney Translational Research Center,,Puck_210113_22,,NCBITaxon:9606,not applicable,surgical donor,male,surgical resection,primary tissue,healthy,UBERON:0001225,cortex of kidney,ambient temperature,nucleus,CL:0000056,20,5000,2020,EFO:0009922,batch_1,run_21,3 prime,OBI:0002630,yes,GRCh38,v110,Cellranger v3.0.0,no,kidney interstitial fibroblast,CL:1000692,MONDO:0002492,HANCESTRO:0568,HsapDv:0000143
AAACCTGAGACGCACA,An atlas of healthy and injured cell states and niches in the human kidney,Sanjay Jain,,umap,,KBCVD1,09751-1N,COV-02-0010,10.17504/protocols.io.b3gxqjxn,University of California,Kidney Translational Research Center,,Puck_210113_23,,NCBITaxon:9606,not applicable,surgical donor,female,scraping,primary tissue,healthy,UBERON:0001225,cortex of kidney,frozen at -70C,nucleus,CL:0000067,15,5000,2018,EFO:0009922,batch_1,run_22,3 prime,OBI:0002630,yes,GRCh38,v110,Cellranger v3.0.0,no,kidney connecting tubule epithelial cell,CL:1000768,MONDO:0002492,HANCESTRO:0568,HsapDv:0000164
AAACCTGAGACTAAGT,An atlas of healthy and injured cell states and niches in the human kidney,Sanjay Jain,,umap,,KBCVD3,COV-02-0094-N1,COV-02-0094,10.17504/protocols.io.b3gxqjxn,University of California,Kidney Translational Research Center,,Puck_210113_24,,NCBITaxon:9606,not applicable,surgical donor,male,scraping,primary tissue,healthy,UBERON:0001225,cortex of kidney,fresh,nucleus,CL:0000093,20,5000,2022,EFO:0009922,batch_1,run_22,3 prime,OBI:0002630,yes,GRCh38,v110,Cellranger v3.0.0,no,kidney collecting duct principal cell,CL:1001431,MONDO:0002492,HANCESTRO:0014,HsapDv:0000137
AAACCTGAGACTACAA,An atlas of healthy and injured cell states and niches in the human kidney,Sanjay Jain,,umap,,KBCVD4,COV-02-0096-N1,COV-02-0096,10.17504/protocols.io.b3gxqjxn,University of California,Kidney Translational Research Center,,Puck_210113_25,,NCBITaxon:9606,not applicable,surgical donor,female,body fluid,primary tissue,healthy,UBERON:0001225,cortex of kidney,frozen at -70C,nucleus,CL:0000028,30,5000,2022,EFO:0009922,batch_1,run_22,3 prime,OBI:0002630,yes,GRCh38,v110,Cellranger v3.0.0,no,kidney collecting duct intercalated cell,CL:1001432,MONDO:0002492,HANCESTRO:0568,HsapDv:0000130
AAACCTGAGACAGACC,An atlas of healthy and injured cell states and niches in the human kidney,Sanjay Jain,,umap,,KC39,446_B3,KRP446,10.17504/protocols.io.b3gxqjxn,University of California,Kidney Translational Research Center,day 0,Puck_210113_26,,NCBITaxon:9606,3,postmortem donor,male,other,primary tissue,healthy,UBERON:0001225,cortex of kidney,frozen at -80C,nucleus,CL:0000028,10,5000,2021,EFO:0009922,batch_1,run_23,3 prime,OBI:0002630,yes,GRCh38,v110,Cellranger v3.0.0,no,kidney loop of Henle thick ascending limb epithelial cell,CL:1001106,PATO:0000461,HANCESTRO:0005,HsapDv:0000123
AAACCTGAGACAGGCT,An atlas of healthy and injured cell states and niches in the human kidney,Sanjay Jain,,umap,,PA1,446_B1,KRP446,10.17504/protocols.io.b3gxqjxn,University of California,Kidney Translational Research Center,day 1,Puck_210113_27,,NCBITaxon:9606,not applicable,surgical donor,male,body fluid,primary tissue,healthy,UBERON:0001228,renal papilla,ambient temperature,nucleus,CL:0000039,15,5000,2020,EFO:0009922,batch_3,run_23,3 prime,OBI:0002630,yes,GRCh38,v110,Cellranger v3.0.0,no,kidney collecting duct intercalated cell,CL:1001432,PATO:0000461,HANCESTRO:0005,HsapDv:0000123
AAACCTGAGACATAAC,An atlas of healthy and injured cell states and niches in the human kidney,Sanjay Jain,,umap,,KC82,KRP460C-1,KRP460,10.17504/protocols.io.b3gxqjxn,University of California,Kidney Translational Research Center,day 5,Puck_210113_28,,NCBITaxon:9606,not applicable,surgical donor,female,body fluid,primary tissue,healthy,UBERON:0001225,cortex of kidney,frozen at -80C,nucleus,CL:0000064,20,5000,2022,EFO:0009922,batch_3,run_23,3 prime,OBI:0002630,yes,GRCh38,v110,Cellranger v3.0.0,no,kidney collecting duct intercalated cell,CL:1001432,PATO:0000461,HANCESTRO:0005,HsapDv:0000157
AAACCTGAGACCACGA,An atlas of healthy and injured cell states and niches in the human kidney,Sanjay Jain,,umap,,PA4,KRP460P-1,KRP460,10.17504/protocols.io.b3gxqjxn,University of California,Kidney Translational Research Center,day 2,Puck_210113_29,,NCBITaxon:9606,not applicable,surgical donor,female,body fluid,primary tissue,healthy,UBERON:0001228,renal papilla,fresh,nucleus,CL:0000029,20,5000,2019,EFO:0009922,batch_3,run_24,3 prime,OBI:0002630,yes,GRCh38,v110,Cellranger v3.0.0,no,kidney loop of Henle thin descending limb epithelial cell,CL:1001111,PATO:0000461,HANCESTRO:0005,HsapDv:0000157
AAACCTGAGACCCACC,An atlas of healthy and injured cell states and niches in the human kidney,Sanjay Jain,,umap,,KC83,KRP461C-1,KRP461,10.17504/protocols.io.b3gxqjxn,University of California,Kidney Translational Research Center,,Puck_210113_30,,NCBITaxon:9606,4,postmortem donor,male,other,primary tissue,healthy,UBERON:0001225,cortex of kidney,other,nucleus,CL:0000052,20,5000,2021,EFO:0009922,batch_3,run_24,3 prime,OBI:0002630,yes,GRCh38,v110,Cellranger v3.0.0,no,kidney collecting duct principal cell,CL:1001431,PATO:0000461,HANCESTRO:0005,HsapDv:0000148
AAACCTGAGACCGGAT,An atlas of healthy and injured cell states and niches in the human kidney,Sanjay Jain,,umap,,KC84,KRP462C-1,KRP462,10.17504/protocols.io.b3gxqjxn,University of California,Kidney Translational Research Center,day 0,Puck_210113_31,,NCBITaxon:9606,1,postmortem donor,female,other,primary tissue,healthy,UBERON:0001225,cortex of kidney,other,nucleus,CL:0000082,15,5000,2019,EFO:0009922,batch_3,run_24,3 prime,OBI:0002630,yes,GRCh38,v110,Cellranger v3.0.0,no,non-classical monocyte,CL:0000875,PATO:0000461,HANCESTRO:0005,HsapDv:0000163
AAACCTGAGACCTAGG,An atlas of healthy and injured cell states and niches in the human kidney,Sanjay Jain,,umap,,PA5,KRP462P-1,KRP462,10.17504/protocols.io.b3gxqjxn,University of California,Kidney Translational Research Center,day 1,Puck_210113_32,,NCBITaxon:9606,1,postmortem donor,female,other,primary tissue,healthy,UBERON:0001228,renal papilla,other,nucleus,CL:0000013,20,5000,2019,EFO:0009922,batch_3,run_25,3 prime,OBI:0002630,yes,GRCh38,v110,Cellranger v3.0.0,no,podocyte,CL:0000653,PATO:0000461,HANCESTRO:0005,HsapDv:0000163
AAACCTGAGAGTACAT,An atlas of healthy and injured cell states and niches in the human kidney,Sanjay Jain,,umap,,PRE018-1,PRE018-1,PRE018-1,10.17504/protocols.io.b3gxqjxn,University of California,Kidney Translational Research Center,,Puck_210113_33,,NCBITaxon:9606,1,postmortem donor,male,other,primary tissue,healthy,UBERON:0002113,kidney,fresh,nucleus,CL:0000066,30,5000,2019,EFO:0009922,batch_3,run_25,3 prime,OBI:0002630,no,GRCh38,v110,Cellranger v3.0.0,no,kidney distal convoluted tubule epithelial cell,CL:1000849,PATO:0000461,HANCESTRO:0005,HsapDv:0000150
AAACCTGAGAGTACCG,An atlas of healthy and injured cell states and niches in the human kidney,Sanjay Jain,,umap,,PRE019-4,PRE019-4,PRE019,10.17504/protocols.io.b3gxqjxn,University of California,Kidney Translational Research Center,day 0,Puck_210113_34,,NCBITaxon:9606,not applicable,surgical donor,female,scraping,primary tissue,healthy,UBERON:0002113,kidney,fresh,nucleus,CL:0000074,10,5000,2018,EFO:0009922,batch_3,run_25,3 prime,OBI:0002630,no,GRCh38,v110,Cellranger v3.0.0,no,kidney connecting tubule epithelial cell,CL:1000768,PATO:0000461,HANCESTRO:0005,HsapDv:0000147
AAACCTGAGAGTTGGC,An atlas of healthy and injured cell states and niches in the human kidney,Sanjay Jain,,umap,,PRE19-025,PRE19-025,PRE019,10.17504/protocols.io.b3gxqjxn,University of California,Kidney Translational Research Center,day 1,Puck_210113_35,,NCBITaxon:9606,not applicable,surgical donor,female,surgical resection,primary tissue,healthy,UBERON:0002113,kidney,fresh,nucleus,CL:0000057,15,5000,2018,EFO:0009922,batch_3,run_26,3 prime,OBI:0002630,no,GRCh38,v110,Cellranger v3.0.0,no,parietal epithelial cell,CL:1000452,PATO:0000461,HANCESTRO:0005,HsapDv:0000147
AAACCTGAGATACACA,An atlas of healthy and injured cell states and niches in the human kidney,Sanjay Jain,,umap,,PRE19-05,PRE19-05,PRE019,10.17504/protocols.io.b3gxqjxn,University of California,Kidney Translational Research Center,day 5,Puck_210113_36,,NCBITaxon:9606,2,postmortem donor,female,other,primary tissue,healthy,UBERON:0002113,kidney,ambient temperature,nucleus,CL:0000057,20,5000,2019,EFO:0009922,batch_3,run_26,3 prime,OBI:0002630,no,GRCh38,v110,Cellranger v3.0.0,no,kidney loop of Henle thin ascending limb epithelial cell,CL:1001107,PATO:0000461,HANCESTRO:0005,HsapDv:0000147
AAACCTGAGAGTCGGT,An atlas of healthy and injured cell states and niches in the human kidney,Sanjay Jain,,umap,,PRE027,PRE027,PRE027,10.17504/protocols.io.b3gxqjxn,University of California,Kidney Translational Research Center,,Puck_210113_37,,NCBITaxon:9606,not applicable,surgical donor,female,brush,primary tissue,healthy,UBERON:0002113,kidney,ambient temperature,nucleus,CL:0000033,20,5000,2018,EFO:0009922,batch_3,run_26,3 prime,OBI:0002630,no,GRCh38,v110,Cellranger v3.0.0,no,B cell,CL:0000236,PATO:0000461,HANCESTRO:0005,HsapDv:0000125
AAACCTGAGAGTCTGG,An atlas of healthy and injured cell states and niches in the human kidney,Sanjay Jain,,umap,,PRE038,PRE038,PRE038,10.17504/protocols.io.b3gxqjxn,University of California,Kidney Translational Research Center,,Puck_210113_38,,NCBITaxon:9606,2,postmortem donor,female,other,primary tissue,healthy,UBERON:0002113,kidney,fresh,nucleus,CL:0000033,20,5000,2019,EFO:0009922,batch_3,run_27,3 prime,OBI:0002630,no,GRCh38,v110,Cellranger v3.0.0,no,renal interstitial pericyte,CL:1001318,PATO:0000461,HANCESTRO:0005,HsapDv:0000136
AAACCTGAGAGTGACC,An atlas of healthy and injured cell states and niches in the human kidney,Sanjay Jain,,umap,,PRE055-1,PRE055-1,PRE055-1,10.17504/protocols.io.b3gxqjxn,University of California,Kidney Translational Research Center,,Puck_210113_39,,NCBITaxon:9606,0,organ donor,male,surgical resection,primary tissue,healthy,UBERON:0002113,kidney,ambient temperature,nucleus,CL:0000017,15,5000,2022,EFO:0009922,batch_3,run_27,3 prime,OBI:0002630,no,GRCh38,v110,Cellranger v3.0.0,no,kidney collecting duct principal cell,CL:1001431,PATO:0000461,HANCESTRO:0005,HsapDv:0000160
AAACCTGAGAGTGAGA,An atlas of healthy and injured cell states and niches in the human kidney,Sanjay Jain,,umap,,PRE062-1,PRE062-1,PRE062-1,10.17504/protocols.io.b3gxqjxn,University of California,Kidney Translational Research Center,,Puck_210113_40,,NCBITaxon:9606,not applicable,surgical donor,female,body fluid,primary tissue,diseased,UBERON:0002113,kidney,ambient temperature,nucleus,CL:0000090,20,5000,2020,EFO:0009922,batch_3,run_27,3 prime,OBI:0002630,no,GRCh38,v110,Cellranger v3.0.0,no,kidney collecting duct principal cell,CL:1001431,PATO:0000461,HANCESTRO:0005,HsapDv:0000134
AAACCTGAGATAGCAT,An atlas of healthy and injured cell states and niches in the human kidney,Sanjay Jain,,umap,,PRE98sc,PRE98sc,PRE98sc,10.17504/protocols.io.b3gxqjxn,University of California,Kidney Translational Research Center,,Puck_210119_09,,NCBITaxon:9606,not applicable,surgical donor,female,body fluid,primary tissue,diseased,UBERON:0002113,kidney,frozen at -70C,nucleus,CL:0000080,30,5000,2020,EFO:0009922,batch_4,run_28,3 prime,OBI:0002630,no,GRCh38,v110,Cellranger v3.0.0,no,kidney interstitial fibroblast,CL:1000692,PATO:0000461,unknown,HsapDv:0000151
AAACCTGAGATAGGAG,An atlas of healthy and injured cell states and niches in the human kidney,Sanjay Jain,,umap,,1153EO-1,Sample1153-EO1,Sample1153-EO1,10.17504/protocols.io.b3gxqjxn,University of California,Indiana University,,Puck_210119_18,,NCBITaxon:9606,0,organ donor,female,surgical resection,primary tissue,healthy,UBERON:0002113,kidney,fresh,nucleus,CL:0000092,10,5000,2020,EFO:0009922,batch_4,run_28,3 prime,OBI:0002630,no,GRCh38,v110,Cellranger v3.0.0,no,mononuclear phagocyte,CL:0000113,PATO:0000461,HANCESTRO:0568,HsapDv:0000129
AAACCTGAGATAGTCA,An atlas of healthy and injured cell states and niches in the human kidney,Sanjay Jain,,umap,,1153EO-2,Sample1153-EO2,Sample1153-EO2,10.17504/protocols.io.b3gxqjxn,University of California,Indiana University,,Puck_210119_20,,NCBITaxon:9606,not applicable,surgical donor,female,biopsy,primary tissue,diseased,UBERON:0002113,kidney,frozen at -70C,nucleus,CL:0000043,15,5000,2022,EFO:0009922,batch_4,run_28,3 prime,OBI:0002630,no,GRCh38,v110,Cellranger v3.0.0,no,kidney loop of Henle thick ascending limb epithelial cell,CL:1001106,PATO:0000461,HANCESTRO:0005,HsapDv:0000129
AAACCTGAGATATACG,An atlas of healthy and injured cell states and niches in the human kidney,Sanjay Jain,,umap,,1153EO-3,Sample1153-EO3,Sample1153-EO3,10.17504/protocols.io.b3gxqjxn,University of California,Indiana University,,Puck_201229_01,,NCBITaxon:9606,3,postmortem donor,female,other,primary tissue,diseased,UBERON:0002113,kidney,frozen at -80C,nucleus,CL:0000022,20,5000,2020,EFO:0009922,batch_4,run_29,3 prime,OBI:0002630,no,GRCh38,v110,Cellranger v3.0.0,no,endothelial cell,CL:0000115,PATO:0000461,HANCESTRO:0005,HsapDv:0000124
AAACCTGAGATATGCA,An atlas of healthy and injured cell states and niches in the human kidney,Sanjay Jain,,umap,,1157EO-1,Sample1157-EO1,Sample1157-EO1,10.17504/protocols.io.b3gxqjxn,University of California,Indiana University,,Puck_201229_02,,NCBITaxon:9606,not applicable,surgical donor,male,body fluid,primary tissue,diseased,UBERON:0002113,kidney,ambient temperature,nucleus,CL:0000023,20,5000,2021,EFO:0009922,batch_4,run_29,3 prime,OBI:0002630,no,GRCh38,v110,Cellranger v3.0.0,no,kidney interstitial alternatively activated macrophage,CL:1000695,PATO:0000461,HANCESTRO:0005,HsapDv:0000143
AAACCTGAGATATGGT,An atlas of healthy and injured cell states and niches in the human kidney,Sanjay Jain,,umap,,1157EO-2,Sample1157-EO2,Sample1157-EO2,10.17504/protocols.io.b3gxqjxn,University of California,Indiana University,,Puck_201229_03,,NCBITaxon:9606,not applicable,surgical donor,female,brush,primary tissue,diseased,UBERON:0002113,kidney,frozen at -80C,nucleus,CL:0000056,20,5000,2022,EFO:0009922,batch_4,run_29,3 prime,OBI:0002630,no,GRCh38,v110,Cellranger v3.0.0,no,endothelial cell,CL:0000115,PATO:0000461,HANCESTRO:0005,HsapDv:0000135
AAACCTGAGATCACGG,An atlas of healthy and injured cell states and niches in the human kidney,Sanjay Jain,,umap,,1157EO-3,Sample1157-EO3,Sample1157-EO3,10.17504/protocols.io.b3gxqjxn,University of California,Indiana University,,Puck_201229_04,,NCBITaxon:9606,2,postmortem donor,male,other,primary tissue,diseased,UBERON:0002113,kidney,fresh,nucleus,CL:0000057,15,5000,2020,EFO:0009922,batch_4,run_30,3 prime,OBI:0002630,no,GRCh38,v110,Cellranger v3.0.0,no,lymphocyte,CL:0000542,PATO:0000461,HANCESTRO:0005,HsapDv:0000141
AAACCTGAGATCCCAT,An atlas of healthy and injured cell states and niches in the human kidney,Sanjay Jain,,umap,,1158EO-1,Sample1158-EO1,Sample1158-EO1,10.17504/protocols.io.b3gxqjxn,University of California,Indiana University,,Puck_201229_05,,NCBITaxon:9606,not applicable,surgical donor,female,scraping,primary tissue,diseased,UBERON:0002113,kidney,other,nucleus,CL:0000049,20,5000,2022,EFO:0009922,batch_4,run_30,3 prime,OBI:0002630,no,GRCh38,v110,Cellranger v3.0.0,no,kidney connecting tubule epithelial cell,CL:1000768,PATO:0000461,HANCESTRO:0005,HsapDv:0000142
AAACCTGAGATCCCGC,An atlas of healthy and injured cell states and niches in the human kidney,Sanjay Jain,,umap,,1158EO-2,Sample1158-EO2,Sample1158-EO2,10.17504/protocols.io.b3gxqjxn,University of California,Indiana University,,Puck_201229_06,,NCBITaxon:9606,3,postmortem donor,male,other,primary tissue,diseased,UBERON:0002113,kidney,other,nucleus,CL:0000028,30,5000,2019,EFO:0009922,batch_4,run_30,3 prime,OBI:0002630,no,GRCh38,v110,Cellranger v3.0.0,no,kidney loop of Henle thin descending limb epithelial cell,CL:1001111,PATO:0000461,HANCESTRO:0005,HsapDv:0000150
AAACCTGAGATCCGAG,An atlas of healthy and injured cell states and niches in the human kidney,Sanjay Jain,,umap,,1158EO-3,Sample1158-EO3,Sample1158-EO3,10.17504/protocols.io.b3gxqjxn,University of California,Indiana University,,Puck_201229_07,,NCBITaxon:9606,0,organ donor,female,surgical resection,primary tissue,healthy,UBERON:0002113,kidney,other,nucleus,CL:0000019,10,5000,2018,EFO:0009922,batch_4,run_31,3 prime,OBI:0002630,no,GRCh38,v110,Cellranger v3.0.0,no,endothelial cell,CL:0000115,PATO:0000461,HANCESTRO:0005,HsapDv:0000129
AAACCTGAGATCCTGT,An atlas of healthy and injured cell states and niches in the human kidney,Sanjay Jain,,umap,,1162EO-1,Sample1162-EO1,Sample1162-EO1,10.17504/protocols.io.b3gxqjxn,University of California,Indiana University,,Puck_201229_08,,NCBITaxon:9606,0,organ donor,male,surgical resection,primary tissue,healthy,UBERON:0002113,kidney,fresh,nucleus,CL:0000052,15,5000,2019,EFO:0009922,batch_4,run_31,3 prime,OBI:0002630,no,GRCh38,v110,Cellranger v3.0.0,no,kidney distal convoluted tubule epithelial cell,CL:1000849,PATO:0000461,HANCESTRO:0005,HsapDv:0000133
AAACCTGAGATCGATA,An atlas of healthy and injured cell states and niches in the human kidney,Sanjay Jain,,umap,,1162EO-2,Sample1162-EO2,Sample1162-EO2,10.17504/protocols.io.b3gxqjxn,University of California,Indiana University,,Puck_201229_10,,NCBITaxon:9606,1,postmortem donor,male,other,primary tissue,healthy,UBERON:0002113,kidney,fresh,nucleus,CL:0000032,20,5000,2022,EFO:0009922,batch_4,run_31,3 prime,OBI:0002630,no,GRCh38,v110,Cellranger v3.0.0,no,kidney collecting duct intercalated cell,CL:1001432,PATO:0000461,HANCESTRO:0005,HsapDv:0000146